{
    "hbsattn(our fix)": {
        "runtime_mean": 0.0023621891935666404,
        "runtime_std": 7.559850832761536e-06,
        "runtime_min": 0.002354634925723076,
        "runtime_max": 0.0023725181818008423,
        "all_times": [
            0.0023725181818008423,
            0.0023594144731760025,
            0.002354634925723076
        ],
        "error": {
            "max_abs": 0.001953125,
            "mean_abs": 5.1975250244140625e-05,
            "max_rel": 1.1875,
            "mean_rel": 0.00555419921875
        }
    },
    "hbsattn(our auto)": {
        "runtime_mean": 0.002514492099483808,
        "runtime_std": 8.942567228628788e-06,
        "runtime_min": 0.00250222347676754,
        "runtime_max": 0.0025232844054698944,
        "all_times": [
            0.0025232844054698944,
            0.0025179684162139893,
            0.00250222347676754
        ],
        "error": {
            "max_abs": 0.001953125,
            "mean_abs": 5.1975250244140625e-05,
            "max_rel": 1.1875,
            "mean_rel": 0.00555419921875
        }
    },
    "hanlab_block-sparse-attn": {
        "runtime_mean": 0.00166671226421992,
        "runtime_std": 2.167543678125223e-05,
        "runtime_min": 0.0016457606106996536,
        "runtime_max": 0.0016965661197900772,
        "all_times": [
            0.0016965661197900772,
            0.0016578100621700287,
            0.0016457606106996536
        ],
        "error": {
            "max_abs": 0.001953125,
            "mean_abs": 5.173683166503906e-05,
            "max_rel": 1.1640625,
            "mean_rel": 0.005523681640625
        }
    },
    "flexattention": {
        "runtime_mean": 0.0879106776167949,
        "runtime_std": 0.0008799258258536196,
        "runtime_min": 0.08673877827823162,
        "runtime_max": 0.08885910920798779,
        "all_times": [
            0.08885910920798779,
            0.08673877827823162,
            0.0881341453641653
        ],
        "error": {
            "max_abs": 0.0078125,
            "mean_abs": 0.00013637542724609375,
            "max_rel": 1.65625,
            "mean_rel": 0.01336669921875
        }
    },
    "unit_seqlen": 2048,
    "headdim": 128,
    "nhead_q": 32
}
