{
    "hbsattn(our fix)": {
        "runtime_mean": 0.00031361480553944904,
        "runtime_std": 8.475960469531822e-06,
        "runtime_min": 0.0003064759075641632,
        "runtime_max": 0.000325523316860199,
        "all_times": [
            0.000325523316860199,
            0.000308845192193985,
            0.0003064759075641632
        ],
        "error": {
            "max_abs": 0.00390625,
            "mean_abs": 9.584426879882812e-05,
            "max_rel": 1.390625,
            "mean_rel": 0.005706787109375
        }
    },
    "pytorch ref 1": {
        "runtime_mean": 1.2238725293427706,
        "runtime_std": 0.00515694244335955,
        "runtime_min": 1.2168040350079536,
        "runtime_max": 1.2289618887007236,
        "all_times": [
            1.2289618887007236,
            1.2258516643196344,
            1.2168040350079536
        ],
        "error": {
            "max_abs": 0.0,
            "mean_abs": 0.0,
            "max_rel": 0.0,
            "mean_rel": 0.0
        }
    },
    "pytorch ref 2": {
        "runtime_mean": 1.050665881484747,
        "runtime_std": 0.00032377904010453027,
        "runtime_min": 1.0503666400909424,
        "runtime_max": 1.0511156525462866,
        "all_times": [
            1.0511156525462866,
            1.0503666400909424,
            1.0505153518170118
        ],
        "error": {
            "max_abs": 0.00390625,
            "mean_abs": 3.725290298461914e-08,
            "max_rel": 0.00775146484375,
            "mean_rel": 1.9669532775878906e-06
        }
    },
    "hbsattn(our auto)": {
        "runtime_mean": 0.00034351274371147156,
        "runtime_std": 5.6496924954585225e-06,
        "runtime_min": 0.0003355499356985092,
        "runtime_max": 0.0003480631858110428,
        "all_times": [
            0.00034692510962486267,
            0.0003480631858110428,
            0.0003355499356985092
        ],
        "error": {
            "max_abs": 0.00390625,
            "mean_abs": 9.584426879882812e-05,
            "max_rel": 1.390625,
            "mean_rel": 0.005706787109375
        }
    },
    "hanlab_block-sparse-attn": {
        "runtime_mean": 0.00045724523564179737,
        "runtime_std": 1.904393671295953e-05,
        "runtime_min": 0.00043510086834430695,
        "runtime_max": 0.00048159249126911163,
        "all_times": [
            0.00048159249126911163,
            0.00045504234731197357,
            0.00043510086834430695
        ],
        "error": {
            "max_abs": 0.00390625,
            "mean_abs": 9.441375732421875e-05,
            "max_rel": 1.3671875,
            "mean_rel": 0.005645751953125
        }
    },
    "flexattention": {
        "runtime_mean": 0.009275366241733233,
        "runtime_std": 0.00011687886596592205,
        "runtime_min": 0.009146628901362419,
        "runtime_max": 0.00942951813340187,
        "all_times": [
            0.00942951813340187,
            0.00924995169043541,
            0.009146628901362419
        ],
        "error": {
            "max_abs": 0.0078125,
            "mean_abs": 0.0002498626708984375,
            "max_rel": 1.7578125,
            "mean_rel": 0.01312255859375
        }
    },
    "unit_seqlen": 512,
    "headdim": 128,
    "nhead_q": 32
}
{
    "hbsattn(our fix)": {
        "runtime_mean": 0.00017426970104376474,
        "runtime_std": 1.2661924549000714e-05,
        "runtime_min": 0.00016198866069316864,
        "runtime_max": 0.00019169598817825317,
        "all_times": [
            0.00019169598817825317,
            0.00016912445425987244,
            0.00016198866069316864
        ],
        "error": {
            "max_abs": 0.0078125,
            "mean_abs": 0.000125885009765625,
            "max_rel": 1.453125,
            "mean_rel": 0.005706787109375
        }
    },
    "pytorch ref 1": {
        "runtime_mean": 0.30383941655357677,
        "runtime_std": 0.005202999705990296,
        "runtime_min": 0.3001526966691017,
        "runtime_max": 0.31119756400585175,
        "all_times": [
            0.31119756400585175,
            0.3001526966691017,
            0.3001679889857769
        ],
        "error": {
            "max_abs": 0.0,
            "mean_abs": 0.0,
            "max_rel": 0.0,
            "mean_rel": 0.0
        }
    },
    "pytorch ref 2": {
        "runtime_mean": 0.3348947521299124,
        "runtime_std": 0.0009234395717404911,
        "runtime_min": 0.3338933940976858,
        "runtime_max": 0.33612142875790596,
        "all_times": [
            0.33466943353414536,
            0.3338933940976858,
            0.33612142875790596
        ],
        "error": {
            "max_abs": 0.00390625,
            "mean_abs": 4.1443854570388794e-08,
            "max_rel": 0.00775146484375,
            "mean_rel": 1.7508864402770996e-06
        }
    },
    "hbsattn(our auto)": {
        "runtime_mean": 0.00019390384356180826,
        "runtime_std": 1.4283608014328911e-05,
        "runtime_min": 0.00018013827502727509,
        "runtime_max": 0.00021358951926231384,
        "all_times": [
            0.00021358951926231384,
            0.00018798373639583588,
            0.00018013827502727509
        ],
        "error": {
            "max_abs": 0.0078125,
            "mean_abs": 0.000125885009765625,
            "max_rel": 1.453125,
            "mean_rel": 0.005706787109375
        }
    },
    "hanlab_block-sparse-attn": {
        "runtime_mean": 0.0003854110836982727,
        "runtime_std": 2.0076971809063437e-05,
        "runtime_min": 0.0003597661852836609,
        "runtime_max": 0.0004087872803211212,
        "all_times": [
            0.0004087872803211212,
            0.000387679785490036,
            0.0003597661852836609
        ],
        "error": {
            "max_abs": 0.0078125,
            "mean_abs": 0.00012302398681640625,
            "max_rel": 1.40625,
            "mean_rel": 0.005584716796875
        }
    },
    "flexattention": {
        "runtime_mean": 0.006193017587065697,
        "runtime_std": 2.4064342104885085e-05,
        "runtime_min": 0.00616723857820034,
        "runtime_max": 0.006225148215889931,
        "all_times": [
            0.006225148215889931,
            0.00616723857820034,
            0.006186665967106819
        ],
        "error": {
            "max_abs": 0.015625,
            "mean_abs": 0.0003185272216796875,
            "max_rel": 1.8359375,
            "mean_rel": 0.01263427734375
        }
    },
    "unit_seqlen": 256,
    "headdim": 128,
    "nhead_q": 32
}
{
    "hbsattn(our fix)": {
        "runtime_mean": 0.0007571776707967123,
        "runtime_std": 9.556052238314504e-06,
        "runtime_min": 0.0007459837943315506,
        "runtime_max": 0.0007693320512771606,
        "all_times": [
            0.0007693320512771606,
            0.0007562171667814255,
            0.0007459837943315506
        ],
        "error": {
            "max_abs": 0.00390625,
            "mean_abs": 7.152557373046875e-05,
            "max_rel": 1.265625,
            "mean_rel": 0.005645751953125
        }
    },
    "pytorch ref 1": {
        "runtime_mean": 4.837194665645559,
        "runtime_std": 0.005261705910293306,
        "runtime_min": 4.8309540040791035,
        "runtime_max": 4.843824829906225,
        "all_times": [
            4.8309540040791035,
            4.843824829906225,
            4.83680516295135
        ],
        "error": {
            "max_abs": 0.0,
            "mean_abs": 0.0,
            "max_rel": 0.0,
            "mean_rel": 0.0
        }
    },
    "pytorch ref 2": {
        "runtime_mean": 3.6386204877247414,
        "runtime_std": 0.005227196980466093,
        "runtime_min": 3.631509695202112,
        "runtime_max": 3.6439259853214025,
        "all_times": [
            3.631509695202112,
            3.640425782650709,
            3.6439259853214025
        ],
        "error": {
            "max_abs": 0.001953125,
            "mean_abs": 3.096647560596466e-08,
            "max_rel": 0.00775146484375,