{
    "our_result": {
        "runtime_mean": 0.00017733375231424967,
        "runtime_std": 8.508619901286438e-06,
        "runtime_min": 0.00016861222684383392,
        "runtime_max": 0.00018887408077716827,
        "all_times": [
            0.00018887408077716827,
            0.00017451494932174683,
            0.00016861222684383392
        ],
        "error": {
            "max_abs": 0.0078125,
            "mean_abs": 0.000125885009765625,
            "max_rel": 1.4140625,
            "mean_rel": 0.0057373046875
        }
    },
    "v1_result": {
        "runtime_mean": 0.3033121507614851,
        "runtime_std": 0.0013446267463342924,
        "runtime_min": 0.3022462334483862,
        "runtime_max": 0.3052088897675276,
        "all_times": [
            0.3024813290685415,
            0.3022462334483862,
            0.3052088897675276
        ],
        "error": {
            "max_abs": 0.0,
            "mean_abs": 0.0,
            "max_rel": 0.0,
            "mean_rel": 0.0
        }
    },
    "v2_result": {
        "runtime_mean": 0.3367210856328408,
        "runtime_std": 0.0049488056417676994,
        "runtime_min": 0.332821873947978,
        "runtime_max": 0.3437038939446211,
        "all_times": [
            0.332821873947978,
            0.33363748900592327,
            0.3437038939446211
        ],
        "error": {
            "max_abs": 0.001953125,
            "mean_abs": 4.0978193283081055e-08,
            "max_rel": 0.00775146484375,
            "mean_rel": 1.7881393432617188e-06
        }
    },
    "v3_result": {
        "runtime_mean": 0.0001983692248662313,
        "runtime_std": 1.2212077513496023e-05,
        "runtime_min": 0.0001852773129940033,
        "runtime_max": 0.0002146698534488678,
        "all_times": [
            0.0002146698534488678,
            0.00019516050815582275,
            0.0001852773129940033
        ],
        "error": {
            "max_abs": 0.0078125,
            "mean_abs": 0.000125885009765625,
            "max_rel": 1.4140625,
            "mean_rel": 0.0057373046875
        }
    },
    "v4_result": {
        "runtime_mean": 0.00038662490745385486,
        "runtime_std": 1.0187906551016566e-05,
        "runtime_min": 0.00037741102278232574,
        "runtime_max": 0.0004008244723081589,
        "all_times": [
            0.0004008244723081589,
            0.00038163922727108,
            0.00037741102278232574
        ],
        "error": {
            "max_abs": 0.0078125,
            "mean_abs": 0.00012302398681640625,
            "max_rel": 1.4140625,
            "mean_rel": 0.005615234375
        }
    },
    "v5_result": {
        "runtime_mean": 0.006252174576123555,
        "runtime_std": 3.665407004547758e-05,
        "runtime_min": 0.0062021054327487946,
        "runtime_max": 0.006288832053542137,
        "all_times": [
            0.006265586242079735,
            0.006288832053542137,
            0.0062021054327487946
        ],
        "error": {
            "max_abs": 0.0078125,
            "mean_abs": 0.0003185272216796875,
            "max_rel": 1.8359375,
            "mean_rel": 0.01263427734375
        }
    },
    "unit_seqlen": 256,
    "headdim": 128,
    "nhead_q": 32
}
{
    "our_result": {
        "runtime_mean": 0.00031695328652858734,
        "runtime_std": 1.2599813788746347e-05,
        "runtime_min": 0.0003031715750694275,
        "runtime_max": 0.00033362582325935364,
        "all_times": [
            0.00033362582325935364,
            0.0003140624612569809,
            0.0003031715750694275
        ],
        "error": {
            "max_abs": 0.00390625,
            "mean_abs": 9.584426879882812e-05,
            "max_rel": 1.4375,
            "mean_rel": 0.005706787109375
        }
    },
    "v1_result": {
        "runtime_mean": 1.2202453234543402,
        "runtime_std": 0.0014160970495535451,
        "runtime_min": 1.2182764653116465,
        "runtime_max": 1.2215470764786005,
        "all_times": [
            1.220912428572774,
            1.2182764653116465,
            1.2215470764786005
        ],
        "error": {
            "max_abs": 0.0,
            "mean_abs": 0.0,
            "max_rel": 0.0,
            "mean_rel": 0.0
        }
    },
    "v2_result": {
        "runtime_mean": 1.0613220458229382,
        "runtime_std": 0.010642306628108042,
        "runtime_min": 1.046760031953454,
        "runtime_max": 1.0718968119472265,
        "all_times": [
            1.0653092935681343,
            1.0718968119472265,
            1.046760031953454
        ],
        "error": {
            "max_abs": 0.001953125,
            "mean_abs": 3.4691765904426575e-08,
            "max_rel": 0.00775146484375,
            "mean_rel": 1.9371509552001953e-06
        }
    },
    "v3_result": {
        "runtime_mean": 0.0003417680660883586,
        "runtime_std": 8.902105353252673e-06,
        "runtime_min": 0.00033279135823249817,
        "runtime_max": 0.0003539007157087326,
        "all_times": [
            0.0003539007157087326,
            0.0003386121243238449,
            0.00033279135823249817
        ],
        "error": {
            "max_abs": 0.00390625,
            "mean_abs": 9.584426879882812e-05,
            "max_rel": 1.4375,
            "mean_rel": 0.005706787109375
        }
    },
    "v4_result": {
        "runtime_mean": 0.00045582279562950134,
        "runtime_std": 1.9163081586640942e-05,
        "runtime_min": 0.00043681636452674866,
        "runtime_max": 0.00048205628991127014,
        "all_times": [
            0.00048205628991127014,
            0.00044859573245048523,
            0.00043681636452674866
        ],
        "error": {
            "max_abs": 0.00390625,
            "mean_abs": 9.441375732421875e-05,
            "max_rel": 1.375,
            "mean_rel": 0.005615234375
        }
    },
    "v5_result": {
        "runtime_mean": 0.009230415026346842,
        "runtime_std": 4.509300269399972e-05,
        "runtime_min": 0.009166713804006577,
        "runtime_max": 0.009264850988984108,
        "all_times": [
            0.009259680286049843,
            0.009264850988984108,
            0.009166713804006577
        ],
        "error": {
            "max_abs": 0.0078125,
            "mean_abs": 0.0002498626708984375,
            "max_rel": 1.8203125,
            "mean_rel": 0.01312255859375
        }
    },
    "unit_seqlen": 512,
    "headdim": 128,
    "nhead_q": 32
}
